{
    "type": "origins:active_self",
    "cooldown": 1000,
    "hud_render": {
        "should_render": true,
        "sprite_location": "origins:textures/gui/community/spiderkolo/resource_bar_03.png",
        "bar_index": 23
    },
    "key": {
        "continuous": false,
        "key": "key.origins.primary_active"
    },
    "hidden": false,
    "entity_action": {
        "type": "origins:apply_effect",
        "effect": {
            "duration": 250,
            "is_ambient": false,
            "show_particles": false,
            "show_icon": true,
            "effect": "speed",
            "amplifier": 7
        }
    },
    "name": "special"
}