{
  "type": "origins:attribute",
  "modifiers": [
	{
	  "name": "Origin modifier",
	  "attribute": "generic.max_health",
	  "value": -2,
	  "operation": "addition"
	},
	{
	  "name": "Origin modifier",
	  "attribute": "generic.attack_damage",
	  "value": 1,
	  "operation": "addition"
	},
	{
	  "name": "Origin modifier",
	  "attribute": "generic.knockback_resistance",
	  "value": -0.5,
	  "operation": "addition"
	}
  ],
  "name": "Bruised",
  "description": "You were built to dight and have been in many battles."
}
