{
    "type": "origins:damage_over_time",
    "interval": 80,
    "onset_delay": 50,
    "damage": 2,
    "damage_source": {
      "name": "hurt_by_water",
      "unblockable": true,
      "bypasses_armor": true
    },
    "protection_enchantment": "origins:water_protection",
    "protection_effectiveness": 1.0,
    "condition": {
      "type": "origins:or",
      "conditions": [
        {
          "type": "origins:fluid_height",
          "fluid": "minecraft:water",
          "comparison": ">",
          "compare_to": 0.4
        },
        {
          "type": "origins:in_rain"
        }
      ]
    },
    "name": "Slippery paws",
    "description": "As a big cat, you despise the water. It might get your delicate paws wet!"
  }
  