{
  "type": "origins:action_over_time",
  "entity_action": {
    "type": "origins:and",
    "actions": [
      {
        "type": "origins:apply_effect",
	"effect": {
          "effect": "minecraft:regeneration",
          "duration": 200,
          "amplifier": 1
        }
      }
    ]		
  },
  "interval": 30,
  "condition": {
    "type": "origins:block_in_radius",
    "block_condition": {
      "type": "origins:in_tag",
      "tag": "customorigins:metals"
    },
    "radius": "6",
    "shape": "cube",
    "comparison": ">=",
    "compare_to": 9
  },
  "name": "Repairs",
  "description": "Standing near metals (such are iron, gold or netherite) heals you."
  
}
