{
    "type": "origins:modify_damage_dealt",
    "modifier": {
      "name": "Extra damage",
      "value": 4,
      "operation": "multiply_base"
    },
    "condition": {
        "type": "origins:or",
        "conditions": [
          {
            "type": "origins:fluid_height",
            "fluid": "minecraft:water",
            "comparison": ">",
            "compare_to": 0.8
          },
          {
            "type": "origins:in_rain"
          }
        ]
      },
    "name": "Flappy fins",
    "description": "Slap! Those fins are dangerous, especially when in water."
  }
  